MTU-value,tripTime,missChance
1500,1.76358e+12,0
1500,1.76358e+12,0.03